"","시도명","시군구명","도로종류","도로노선방향","경도","단속구분","제한속도","과속단속구간길이"
"597","대전광역시","중구","고속국도",1,127.408579,"1",100,NA
"1478","대전광역시","유성구","고속국도",2,127.338139,"1",100,6.1
"1479","대전광역시","유성구","고속국도",2,127.338139,"1",100,6.1
"1480","대전광역시","유성구","고속국도",2,127.31475,"1",100,NA
"1481","대전광역시","유성구","고속국도",2,127.31475,"1",100,NA
"1482","대전광역시","유성구","고속국도",1,127.318417,"1",100,7.9
"1483","대전광역시","유성구","고속국도",1,127.318417,"1",100,7.9
"1484","대전광역시","유성구","고속국도",1,127.364472,"1",100,NA
"1485","대전광역시","유성구","고속국도",1,127.364472,"1",100,NA
"1915","대전광역시","동구","시도",1,127.476148,"2",50,NA
"1916","대전광역시","유성구","시도",2,127.338138,"2",50,NA
"1917","대전광역시","서구","시도",2,127.376944,"2",50,NA
"1919","대전광역시","서구","시도",2,127.341083,"2",50,NA
"1920","대전광역시","중구","시도",3,127.451166,"2",50,NA
"1921","대전광역시","중구","시도",3,127.442694,"2",50,NA
"1922","대전광역시","서구","시도",1,127.364342,"2",60,NA
"1923","대전광역시","서구","시도",1,127.350083,"2",50,NA
"1924","대전광역시","유성구","시도",1,127.326614,"2",60,NA
"1925","대전광역시","서구","시도",1,127.390555,"2",50,NA
"1926","대전광역시","서구","시도",1,127.358251,"2",50,NA
"1927","대전광역시","유성구","시도",1,127.362666,"2",60,NA
"2154","대전광역시","동구","시도",2,127.447878,"1",30,NA
"2155","대전광역시","동구","시도",2,127.448023,"2",50,NA
"2156","대전광역시","동구","시도",2,127.460538,"2",50,NA
"2157","대전광역시","동구","시도",2,127.474871,"1",30,NA
"2158","대전광역시","동구","시도",2,127.458301,"2",30,NA
"2159","대전광역시","동구","시도",2,127.421946,"2",40,NA
"2160","대전광역시","동구","시도",2,127.459374,"2",30,NA
"2161","대전광역시","동구","시도",2,127.459508,"2",30,NA
"2162","대전광역시","동구","시도",2,127.445035,"2",30,NA
"2163","대전광역시","동구","시도",2,127.442079,"2",50,NA
"2164","대전광역시","동구","시도",3,127.458354,"1",50,NA
"2165","대전광역시","동구","시도",3,127.458065,"1",50,NA
"2166","대전광역시","동구","시도",2,127.456466,"1",30,NA
"2167","대전광역시","동구","시도",2,127.439874,"2",30,NA
"2168","대전광역시","서구","시도",2,127.376327,"1",30,NA
"2169","대전광역시","서구","시도",2,127.365915,"2",30,NA
"2170","대전광역시","서구","시도",2,127.366247,"2",30,NA
"2171","대전광역시","서구","시도",2,127.375034,"1",30,NA
"2172","대전광역시","서구","시도",2,127.388671,"1",30,NA
"2173","대전광역시","서구","시도",1,127.386096,"1",30,NA
"2174","대전광역시","서구","시도",2,127.340841,"2",30,NA
"2175","대전광역시","서구","시도",2,127.384722,"2",30,NA
"2176","대전광역시","서구","시도",2,127.386208,"1",30,NA
"2177","대전광역시","서구","시도",2,127.336401,"2",60,NA
"2178","대전광역시","중구","시도",2,127.393273,"2",30,NA
"2179","대전광역시","중구","시도",2,127.431554,"2",30,NA
"2180","대전광역시","중구","시도",2,127.432444,"2",30,NA
"2181","대전광역시","중구","시도",2,127.411813,"2",30,NA
"2182","대전광역시","중구","시도",2,127.444891,"2",30,NA
"2183","대전광역시","중구","시도",2,127.447981,"1",30,NA
"2184","대전광역시","중구","시도",2,127.400907,"1",60,NA
"2185","대전광역시","중구","시도",2,127.405788,"2",30,NA
"2186","대전광역시","중구","시도",2,127.410863,"2",30,NA
"2187","대전광역시","동구","시도",2,127.440829,"2",30,NA
"2188","대전광역시","동구","시도",2,127.440984,"2",30,NA
"2189","대전광역시","동구","시도",1,127.428212,"2",30,NA
"2190","대전광역시","동구","시도",1,127.429617,"1",50,NA
"2191","대전광역시","동구","시도",2,127.461788,"1",40,NA
"2192","대전광역시","동구","시도",2,127.448859,"1",30,NA
"2193","대전광역시","동구","시도",2,127.446156,"2",30,NA
"2194","대전광역시","동구","시도",2,127.445694,"2",30,NA
"2195","대전광역시","동구","시도",2,127.454556,"2",30,NA
"2196","대전광역시","동구","시도",2,127.459021,"2",40,NA
"2197","대전광역시","동구","시도",2,127.448414,"2",40,NA
"2198","대전광역시","동구","시도",2,127.450179,"1",30,NA
"2199","대전광역시","동구","시도",2,127.427595,"1",30,NA
"2200","대전광역시","동구","시도",2,127.444622,"2",50,NA
"2201","대전광역시","동구","시도",2,127.420723,"2",40,NA
"2343","대전광역시","유성구","시도",2,127.382727,"2",30,NA
"2344","대전광역시","유성구","시도",2,127.342951,"2",30,NA
"2345","대전광역시","유성구","시도",2,127.338461,"2",30,NA
"2346","대전광역시","유성구","시도",2,127.335831,"2",50,NA
"2347","대전광역시","유성구","시도",2,127.332698,"2",30,NA
"2348","대전광역시","유성구","시도",2,127.322511,"2",30,NA
"2349","대전광역시","중구","시도",1,127.403884,"2",30,NA
"2350","대전광역시","중구","시도",2,127.395483,"2",30,NA
"2351","대전광역시","중구","시도",2,127.427348,"2",30,NA
"2352","대전광역시","중구","시도",2,127.425744,"2",30,NA
"2353","대전광역시","중구","시도",2,127.424296,"2",30,NA
"2354","대전광역시","중구","시도",2,127.388182,"2",30,NA
"2355","대전광역시","중구","시도",2,127.407902,"2",30,NA
"2356","대전광역시","중구","시도",2,127.409077,"2",30,NA
"2357","대전광역시","중구","시도",2,127.416871,"1",30,NA
"2358","대전광역시","중구","시도",2,127.417783,"2",30,NA
"2359","대전광역시","중구","시도",2,127.401502,"1",30,NA
"2360","대전광역시","중구","시도",2,127.401384,"1",30,NA
"2361","대전광역시","중구","시도",2,127.397146,"1",30,NA
"2362","대전광역시","중구","시도",2,127.420106,"2",30,NA
"2363","대전광역시","중구","시도",2,127.398327,"1",30,NA
"2364","대전광역시","중구","시도",2,127.399174,"2",30,NA
"2365","대전광역시","중구","시도",2,127.406577,"2",30,NA
"2366","대전광역시","중구","시도",1,127.407875,"2",30,NA
"2367","대전광역시","동구","시도",2,127.468151,"2",30,NA
"2368","대전광역시","동구","시도",2,127.492141,"2",30,NA
"2369","대전광역시","동구","시도",2,127.430443,"2",30,NA
"2370","대전광역시","서구","시도",2,127.343803,"2",30,NA
"2371","대전광역시","서구","시도",2,127.343223,"2",30,NA
"2372","대전광역시","중구","시도",2,127.385216,"2",30,NA
"2373","대전광역시","중구","시도",1,127.398381,"2",30,NA
"2374","대전광역시","중구","시도",2,127.396546,"2",30,NA
"2375","대전광역시","중구","시도",2,127.390414,"2",30,NA
"2376","대전광역시","중구","시도",2,127.410429,"2",30,NA
"2377","대전광역시","중구","시도",2,127.398081,"2",30,NA
"2378","대전광역시","중구","시도",2,127.392522,"2",30,NA
"2379","대전광역시","중구","시도",2,127.403884,"2",30,NA
"2380","대전광역시","동구","시도",2,127.446027,"2",30,NA
"2381","대전광역시","서구","시도",2,127.340498,"2",30,NA
"2382","대전광역시","서구","시도",2,127.379036,"2",30,NA
"2383","대전광역시","서구","시도",2,127.344757,"2",50,NA
"2384","대전광역시","서구","시도",2,127.378511,"2",30,NA
"2385","대전광역시","대덕구","시도",2,127.434322,"2",30,NA
"2386","대전광역시","대덕구","시도",1,127.434697,"2",30,NA
"2387","대전광역시","서구","시도",1,127.357729,"2",30,NA
"2388","대전광역시","서구","시도",2,127.390312,"2",30,NA
"2389","대전광역시","유성구","시도",2,127.312029,"2",30,NA
"2390","대전광역시","유성구","시도",2,127.384529,"2",30,NA
"2452","대전광역시","동구","시도",2,127.437829,"2",50,NA
"2453","대전광역시","서구","시도",1,127.368861,"2",50,NA
"2454","대전광역시","서구","시도",2,127.352966,"2",60,NA
"2455","대전광역시","유성구","시도",3,127.363276,"1",80,6.7
"2456","대전광역시","대덕구","시도",3,127.411338,"1",80,NA
"2457","대전광역시","서구","시도",2,127.370372,"2",30,NA
"2458","대전광역시","중구","시도",2,127.397549,"1",50,NA
"2459","대전광역시","중구","시도",2,127.431704,"2",50,NA
"2460","대전광역시","동구","시도",1,127.437487,"2",50,NA
"2461","대전광역시","동구","시도",1,127.445941,"2",50,NA
"2462","대전광역시","동구","시도",2,127.461841,"2",40,NA
"2463","대전광역시","서구","시도",2,127.380399,"2",50,NA
"2464","대전광역시","서구","시도",2,127.328161,"2",50,NA
"2465","대전광역시","대덕구","시도",1,127.428952,"2",50,NA
"2466","대전광역시","대덕구","시도",1,127.430883,"1",50,NA
"2467","대전광역시","대덕구","시도",2,127.451257,"2",50,NA
"2468","대전광역시","서구","시도",2,127.379122,"2",50,NA
"2469","대전광역시","서구","시도",2,127.378017,"2",50,NA
"2470","대전광역시","서구","시도",2,127.364155,"2",50,NA
"2471","대전광역시","유성구","시도",2,127.315581,"2",60,NA
"2472","대전광역시","유성구","시도",2,127.319942,"2",60,NA
"2473","대전광역시","유성구","시도",2,127.402409,"2",50,NA
"2474","대전광역시","중구","시도",2,127.434161,"2",30,NA
"2475","대전광역시","중구","시도",1,127.397554,"2",30,NA
"2530","대전광역시","유성구","시도",2,127.408953,"1",50,NA
"2531","대전광역시","중구","시도",2,127.417499,"2",50,NA
"2532","대전광역시","대덕구","시도",2,127.408465,"2",50,NA
"2533","대전광역시","유성구","시도",2,127.310634,"2",60,NA
"2534","대전광역시","유성구","시도",2,127.386315,"2",50,NA
"2535","대전광역시","중구","시도",2,127.410738,"1",50,NA
"2536","대전광역시","중구","시도",2,127.392645,"2",60,NA
"2537","대전광역시","서구","시도",2,127.364618,"2",60,NA
"2538","대전광역시","서구","시도",2,127.393251,"2",50,NA
"2539","대전광역시","서구","시도",1,127.401901,"2",50,NA
"2540","대전광역시","서구","시도",2,127.379654,"2",50,NA
"2541","대전광역시","서구","시도",2,127.395156,"2",50,NA
"2542","대전광역시","서구","시도",2,127.364074,"2",50,NA
"2543","대전광역시","서구","시도",2,127.379821,"2",50,NA
"2544","대전광역시","유성구","시도",1,127.341834,"2",50,NA
"2545","대전광역시","유성구","시도",2,127.305354,"2",50,NA
"2546","대전광역시","동구","시도",2,127.456672,"1",40,NA
"2547","대전광역시","대덕구","시도",2,127.420989,"1",50,NA
"2548","대전광역시","유성구","시도",2,127.391976,"1",50,NA
"2549","대전광역시","유성구","시도",2,127.325805,"1",60,NA
"2550","대전광역시","중구","시도",1,127.419706,"2",50,NA
"2612","대전광역시","중구","시도",2,127.411331,"2",30,NA
"2613","대전광역시","중구","시도",1,127.396174,"2",30,NA
"2614","대전광역시","동구","시도",2,127.455733,"2",30,NA
"2615","대전광역시","동구","시도",2,127.441849,"2",30,NA
"2616","대전광역시","서구","시도",1,127.354181,"2",30,NA
"2617","대전광역시","서구","시도",2,127.334888,"2",30,NA
"2618","대전광역시","서구","시도",2,127.329581,"2",30,NA
"2619","대전광역시","서구","시도",1,127.378328,"2",30,NA
"2620","대전광역시","서구","시도",2,127.378814,"2",30,NA
"2621","대전광역시","대덕구","시도",2,127.435039,"2",30,NA
"2622","대전광역시","대덕구","시도",2,127.421032,"2",50,NA
"2623","대전광역시","서구","시도",2,127.356811,"2",60,NA
"2624","대전광역시","서구","시도",2,127.395335,"2",50,NA
"2625","대전광역시","서구","시도",2,127.373251,"2",60,NA
"2626","대전광역시","서구","시도",2,127.374453,"2",30,NA
"2627","대전광역시","유성구","시도",2,127.338492,"2",30,NA
"2628","대전광역시","유성구","시도",2,127.317683,"2",30,NA
"2629","대전광역시","유성구","시도",2,127.338343,"2",30,NA
"2630","대전광역시","유성구","시도",2,127.355025,"2",30,NA
"2631","대전광역시","동구","시도",2,127.469549,"2",60,NA
"2632","대전광역시","동구","시도",2,127.444047,"1",50,NA
"2633","대전광역시","서구","시도",2,127.340283,"1",60,NA
"2634","대전광역시","서구","시도",1,127.366681,"1",50,NA
"2635","대전광역시","유성구","시도",2,127.273453,"1",70,NA
"2636","대전광역시","유성구","시도",1,127.303226,"1",50,NA
"2637","대전광역시","중구","시도",2,127.399356,"2",50,NA
"2638","대전광역시","대덕구","시도",2,127.420193,"2",50,NA
"2639","대전광역시","대덕구","시도",1,127.420458,"2",30,NA
"2640","대전광역시","서구","시도",2,127.374101,"2",50,NA
"2642","대전광역시","유성구","시도",1,127.348177,"2",60,NA
"2643","대전광역시","유성구","시도",2,127.340237,"2",60,NA
"2644","대전광역시","유성구","시도",2,127.318005,"2",60,NA
"2645","대전광역시","유성구","시도",2,127.332306,"2",50,NA
"2646","대전광역시","동구","시도",1,127.472601,"1",80,NA
"2647","대전광역시","서구","시도",1,127.345904,"1",60,NA
"2648","대전광역시","유성구","시도",1,127.351237,"1",50,NA
"2649","대전광역시","대덕구","시도",1,127.426309,"1",50,NA
"2650","대전광역시","대덕구","시도",1,127.404879,"2",50,NA
"2651","대전광역시","서구","시도",1,127.396612,"2",50,NA
"2652","대전광역시","서구","시도",2,127.401681,"2",50,NA
"2653","대전광역시","유성구","시도",1,127.405044,"2",50,NA
"2654","대전광역시","유성구","시도",2,127.364034,"2",50,NA
"2655","대전광역시","유성구","시도",2,127.346231,"2",50,NA
"2656","대전광역시","유성구","시도",1,127.348026,"2",50,NA
"2657","대전광역시","동구","시도",2,127.444648,"1",30,NA
"2658","대전광역시","동구","시도",2,127.384867,"2",30,NA
"2659","대전광역시","중구","시도",1,127.410586,"1",30,NA
"2660","대전광역시","중구","시도",2,127.404605,"2",30,NA
"2661","대전광역시","중구","시도",2,127.391811,"2",30,NA
"2662","대전광역시","대덕구","시도",2,127.424916,"2",50,NA
"2663","대전광역시","유성구","시도",2,127.340861,"2",50,NA
"2664","대전광역시","중구","시도",1,127.411388,"1",50,NA
"2665","대전광역시","동구","시도",1,127.449138,"1",50,NA
"2666","대전광역시","동구","시도",2,127.463638,"1",60,NA
"2667","대전광역시","서구","시도",1,127.366638,"1",50,NA
"2668","대전광역시","대덕구","시도",2,127.425333,"1",50,NA
"2669","대전광역시","대덕구","시도",2,127.411694,"1",50,NA
"2670","대전광역시","서구","시도",1,127.373222,"1",50,NA
"2671","대전광역시","유성구","시도",2,127.319861,"1",60,NA
"2672","대전광역시","유성구","시도",2,127.340111,"2",50,NA
"2673","대전광역시","유성구","시도",2,127.374748,"1",50,NA
"2674","대전광역시","유성구","시도",2,127.335222,"1",50,NA
"2675","대전광역시","유성구","시도",3,127.377997,"1",50,NA
"2676","대전광역시","유성구","시도",3,127.378271,"1",50,NA
"2677","대전광역시","유성구","시도",2,127.394826,"1",80,NA
"2678","대전광역시","유성구","시도",1,127.381648,"1",60,NA
"2679","대전광역시","서구","시도",2,127.367061,"1",40,NA
"2680","대전광역시","서구","시도",2,127.362247,"1",30,NA
"2681","대전광역시","중구","시도",1,127.389663,"1",50,NA
"2682","대전광역시","서구","시도",3,127.318176,"1",50,NA
"2683","대전광역시","서구","시도",3,127.318298,"1",50,NA
"2684","대전광역시","중구","시도",1,127.376066,"1",70,NA
"2685","대전광역시","서구","시도",2,127.348152,"1",60,NA
"2686","대전광역시","유성구","시도",1,127.346944,"2",50,NA
"2687","대전광역시","동구","시도",2,127.432361,"1",50,NA
"2688","대전광역시","대덕구","시도",2,127.416967,"1",40,NA
"2689","대전광역시","유성구","시도",1,127.268416,"1",70,NA
"2690","대전광역시","유성구","시도",2,127.305611,"2",50,NA
"2691","대전광역시","유성구","시도",1,127.303501,"2",50,NA
"2692","대전광역시","중구","시도",2,127.411444,"2",30,NA
"2693","대전광역시","중구","시도",1,127.407694,"2",30,NA
"2694","대전광역시","동구","시도",2,127.439277,"2",50,NA
"2695","대전광역시","동구","시도",2,127.447251,"2",50,NA
"2696","대전광역시","서구","시도",1,127.377775,"2",50,NA
"2697","대전광역시","대덕구","시도",2,127.399944,"2",50,NA
"2698","대전광역시","대덕구","시도",2,127.426453,"2",50,NA
"2699","대전광역시","유성구","시도",2,127.350222,"2",50,NA
"2700","대전광역시","유성구","시도",1,127.311841,"2",60,NA
"2701","대전광역시","동구","시도",2,127.489972,"1",50,NA
"2702","대전광역시","동구","시도",1,127.466527,"1",50,NA
"2703","대전광역시","유성구","시도",1,127.350583,"1",50,NA
"2704","대전광역시","유성구","시도",2,127.300251,"1",80,NA
"2705","대전광역시","중구","시도",1,127.382472,"2",50,NA
"2706","대전광역시","동구","시도",2,127.433916,"2",50,NA
"2707","대전광역시","유성구","시도",1,127.335277,"1",30,NA
"2708","대전광역시","중구","시도",2,127.433555,"2",50,NA
"2709","대전광역시","동구","시도",1,127.462222,"2",50,NA
"2872","대전광역시","유성구","시도",2,127.320553,"2",30,NA
"2873","대전광역시","유성구","시도",2,127.337371,"2",30,NA
"2874","대전광역시","유성구","시도",2,127.400441,"2",30,NA
"2875","대전광역시","유성구","시도",2,127.395795,"2",30,NA
"2876","대전광역시","유성구","시도",2,127.317614,"2",30,NA
"2877","대전광역시","유성구","시도",2,127.312437,"1",30,NA
"2878","대전광역시","유성구","시도",3,127.397409,"2",50,NA
"2879","대전광역시","유성구","시도",3,127.399727,"2",50,NA
"2880","대전광역시","유성구","시도",2,127.389314,"2",50,NA
"2881","대전광역시","서구","시도",2,127.369858,"2",50,NA
"2882","대전광역시","서구","시도",2,127.379751,"2",50,NA
"2883","대전광역시","서구","시도",2,127.401433,"2",50,NA
"2884","대전광역시","유성구","시도",1,127.337982,"2",50,NA
"2885","대전광역시","중구","시도",2,127.411861,"2",50,NA
"2886","대전광역시","동구","시도",1,127.433275,"2",50,NA
"2887","대전광역시","서구","시도",2,127.374513,"2",50,NA
"2888","대전광역시","서구","시도",1,127.340691,"2",60,NA
"2889","대전광역시","서구","시도",2,127.382673,"2",50,NA
"2890","대전광역시","유성구","시도",2,127.320338,"2",60,NA
"2891","대전광역시","유성구","시도",2,127.263904,"2",80,NA
"2892","대전광역시","대덕구","시도",1,127.413121,"2",80,7.4
"2894","대전광역시","유성구","시도",1,127.362116,"2",80,NA
"2898","대전광역시","유성구","시도",2,127.388231,"2",30,NA
"2899","대전광역시","유성구","시도",2,127.389454,"2",30,NA
"2900","대전광역시","유성구","시도",2,127.397222,"1",30,NA
"2901","대전광역시","유성구","시도",2,127.404764,"2",30,NA
"2902","대전광역시","유성구","시도",3,127.378349,"2",30,NA
"2903","대전광역시","유성구","시도",3,127.378827,"2",30,NA
"2904","대전광역시","유성구","시도",2,127.393638,"1",30,NA
"2905","대전광역시","유성구","시도",2,127.394791,"2",30,NA
"2906","대전광역시","유성구","시도",2,127.347451,"2",50,NA
"2907","대전광역시","유성구","시도",2,127.335917,"2",30,NA
"2908","대전광역시","유성구","시도",2,127.301708,"2",30,NA
"2909","대전광역시","유성구","시도",2,127.312496,"2",50,NA
"2910","대전광역시","유성구","시도",2,127.320221,"2",30,NA
"2911","대전광역시","유성구","시도",2,127.302464,"2",30,NA
"2912","대전광역시","유성구","시도",2,127.312228,"2",30,NA
"2913","대전광역시","유성구","시도",2,127.310994,"2",30,NA
"2914","대전광역시","유성구","시도",2,127.331101,"2",30,NA
"2915","대전광역시","유성구","시도",2,127.348867,"1",30,NA
"2916","대전광역시","유성구","시도",2,127.318236,"1",30,NA
"2917","대전광역시","유성구","시도",3,127.322946,"2",30,NA
"2918","대전광역시","유성구","시도",3,127.322291,"2",30,NA
"2919","대전광역시","유성구","시도",3,127.334619,"2",30,NA
"2920","대전광역시","유성구","시도",3,127.334345,"2",30,NA
"2921","대전광역시","유성구","시도",2,127.352922,"2",30,NA
"2922","대전광역시","서구","시도",2,127.395044,"2",30,NA
"2923","대전광역시","서구","시도",2,127.374197,"2",30,NA
"2924","대전광역시","서구","시도",2,127.376805,"2",30,NA
"2925","대전광역시","서구","시도",1,127.379809,"2",50,NA
"2926","대전광역시","서구","시도",2,127.369337,"2",30,NA
"2927","대전광역시","서구","시도",2,127.368517,"1",30,NA
"2928","대전광역시","서구","시도",2,127.400349,"2",30,NA
"2929","대전광역시","서구","시도",2,127.390269,"2",30,NA
"2930","대전광역시","서구","시도",2,127.396513,"2",30,NA
"2931","대전광역시","서구","시도",2,127.393327,"2",30,NA
"2932","대전광역시","유성구","시도",2,127.256202,"1",70,NA
"2933","대전광역시","유성구","시도",2,127.315774,"2",30,NA
"2934","대전광역시","유성구","시도",2,127.322822,"1",30,NA
"2935","대전광역시","유성구","시도",2,127.303806,"2",30,NA
"2936","대전광역시","유성구","시도",2,127.332414,"2",30,NA
"2937","대전광역시","유성구","시도",2,127.335477,"2",30,NA
"2938","대전광역시","유성구","시도",2,127.344382,"2",30,NA
"2939","대전광역시","유성구","시도",2,127.344082,"2",30,NA
"2940","대전광역시","유성구","시도",2,127.342934,"2",30,NA
"2941","대전광역시","유성구","시도",2,127.338009,"2",30,NA
"2942","대전광역시","유성구","시도",2,127.382008,"2",30,NA
"2943","대전광역시","유성구","시도",2,127.382958,"2",30,NA
"2944","대전광역시","유성구","시도",2,127.383033,"2",30,NA
"2945","대전광역시","유성구","시도",2,127.385447,"2",30,NA
"2946","대전광역시","대덕구","시도",2,127.437964,"2",30,NA
"2947","대전광역시","대덕구","시도",2,127.443903,"2",30,NA
"2948","대전광역시","대덕구","시도",2,127.444021,"2",30,NA
"2949","대전광역시","대덕구","시도",2,127.433227,"2",30,NA
"2950","대전광역시","대덕구","시도",2,127.410301,"1",30,NA
"2951","대전광역시","서구","시도",2,127.340723,"1",30,NA
"2952","대전광역시","대덕구","시도",3,127.428003,"2",30,NA
"2953","대전광역시","대덕구","시도",3,127.427847,"2",30,NA
"2954","대전광역시","대덕구","시도",1,127.422756,"2",30,NA
"2955","대전광역시","대덕구","시도",2,127.437836,"2",30,NA
"2956","대전광역시","대덕구","시도",2,127.435679,"1",30,NA
"2957","대전광역시","대덕구","시도",2,127.440705,"1",30,NA
"2958","대전광역시","대덕구","시도",2,127.412896,"2",30,NA
"2959","대전광역시","대덕구","시도",3,127.451166,"1",30,NA
"2960","대전광역시","대덕구","시도",3,127.450469,"1",30,NA
"2961","대전광역시","대덕구","시도",2,127.423904,"2",30,NA
"2962","대전광역시","대덕구","시도",2,127.408481,"1",30,NA
"2963","대전광역시","서구","시도",2,127.366945,"2",30,NA
"2964","대전광역시","서구","시도",2,127.380828,"2",30,NA
"2965","대전광역시","서구","시도",2,127.374165,"2",30,NA
"2966","대전광역시","서구","시도",2,127.395387,"1",30,NA
"2967","대전광역시","서구","시도",1,127.357879,"2",30,NA
"2968","대전광역시","서구","시도",2,127.368629,"2",50,NA
"2969","대전광역시","서구","시도",2,127.393799,"2",30,NA
"2971","대전광역시","서구","시도",2,127.374219,"2",30,NA
"2972","대전광역시","서구","시도",2,127.371488,"2",30,NA
"2973","대전광역시","서구","시도",2,127.327237,"2",30,NA
"2974","대전광역시","서구","시도",2,127.325789,"2",30,NA
"2975","대전광역시","서구","시도",2,127.329555,"2",50,NA
"2976","대전광역시","서구","시도",2,127.329512,"2",30,NA
"2977","대전광역시","서구","시도",2,127.335102,"2",30,NA
"2978","대전광역시","서구","시도",2,127.336909,"1",30,NA
"2979","대전광역시","서구","시도",2,127.343422,"2",30,NA
"2980","대전광역시","서구","시도",2,127.347257,"1",30,NA
"2981","대전광역시","서구","시도",2,127.344941,"1",30,NA
"2982","대전광역시","서구","시도",2,127.345723,"1",30,NA
"2983","대전광역시","서구","시도",1,127.344114,"2",30,NA
"2984","대전광역시","서구","시도",2,127.377373,"2",30,NA
"2985","대전광역시","대덕구","시도",2,127.428603,"1",30,NA
"2986","대전광역시","대덕구","시도",2,127.411979,"1",30,NA
"2987","대전광역시","대덕구","시도",2,127.412762,"1",30,NA
"2988","대전광역시","대덕구","시도",2,127.421565,"1",30,NA
"2989","대전광역시","대덕구","시도",1,127.435411,"2",30,NA
"2990","대전광역시","대덕구","시도",1,127.437304,"2",40,NA
"2991","대전광역시","대덕구","시도",1,127.421694,"2",30,NA
"2992","대전광역시","대덕구","시도",2,127.420557,"2",30,NA
"2993","대전광역시","대덕구","시도",1,127.434558,"2",30,NA
"10527","대전광역시","유성구","지방도",3,127.3219118,"4",0,NA
"10528","대전광역시","유성구","지방도",3,127.3195121,"3",0,NA
"10529","대전광역시","유성구","지방도",3,127.3195243,"4",0,NA
"10530","대전광역시","유성구","지방도",3,127.3196079,"99",0,NA
"10531","대전광역시","유성구","지방도",3,127.3193493,"4",0,NA
"10532","대전광역시","유성구","지방도",3,127.3208504,"4",0,NA
"10533","대전광역시","유성구","지방도",3,127.3332513,"4",0,NA
"10534","대전광역시","유성구","지방도",3,127.3944314,"4",0,NA
"10535","대전광역시","유성구","지방도",3,127.3383114,"4",0,NA
"10536","대전광역시","유성구","지방도",3,127.3063079,"99",0,NA
"10537","대전광역시","유성구","지방도",3,127.3174359,"4",0,NA
"10538","대전광역시","유성구","지방도",3,127.3878127,"3",0,NA
"10539","대전광역시","유성구","지방도",3,127.3038492,"4",0,NA
"10540","대전광역시","유성구","지방도",3,127.3206831,"99",0,NA
"10541","대전광역시","유성구","지방도",3,127.3940308,"4",0,NA
"10542","대전광역시","유성구","지방도",3,127.3751174,"4",0,NA
"10543","대전광역시","유성구","지방도",3,127.3872557,"3",0,NA
"10544","대전광역시","유성구","지방도",3,127.4029605,"4",0,NA
"10545","대전광역시","유성구","지방도",3,127.4029605,"4",0,NA
"10546","대전광역시","유성구","지방도",3,127.3954824,"4",0,NA
"10547","대전광역시","유성구","지방도",3,127.3197088,"3",0,NA
"10548","대전광역시","유성구","지방도",3,127.3197088,"3",0,NA
"10549","대전광역시","유성구","지방도",3,127.3196769,"4",0,NA
"10550","대전광역시","유성구","지방도",3,127.3454251,"4",0,NA
"10551","대전광역시","유성구","지방도",3,127.3462442,"4",0,NA
"10552","대전광역시","유성구","지방도",3,127.3469787,"4",0,NA
"10553","대전광역시","유성구","지방도",3,127.3499236,"4",0,NA
"10554","대전광역시","유성구","지방도",3,127.3507004,"3",0,NA
"10555","대전광역시","유성구","지방도",3,127.3499091,"99",0,NA
"10556","대전광역시","유성구","지방도",3,127.3503149,"4",0,NA
"10557","대전광역시","유성구","지방도",3,127.3336512,"4",0,NA
"10558","대전광역시","유성구","지방도",3,127.4075525,"4",0,NA
"10559","대전광역시","유성구","지방도",3,127.3387993,"99",0,NA
"10560","대전광역시","유성구","지방도",3,127.3129629,"99",0,NA
"10561","대전광역시","유성구","지방도",3,127.3120392,"99",0,NA
"10562","대전광역시","유성구","지방도",3,127.3935338,"4",0,NA
"10563","대전광역시","유성구","지방도",3,127.3935338,"4",0,NA
"10564","대전광역시","유성구","지방도",3,127.3421364,"99",0,NA
"10565","대전광역시","유성구","지방도",3,127.3391785,"99",0,NA
"10566","대전광역시","유성구","지방도",3,127.3350683,"4",0,NA
"10567","대전광역시","유성구","지방도",3,127.349761,"99",0,NA
"10568","대전광역시","유성구","지방도",3,127.3570199,"3",0,NA
"10569","대전광역시","유성구","지방도",3,127.406241,"4",0,NA
"10570","대전광역시","유성구","지방도",3,127.4057017,"4",0,NA
"10571","대전광역시","유성구","지방도",3,127.3938382,"4",0,NA
"10572","대전광역시","유성구","지방도",3,127.4054669,"4",0,NA
"10573","대전광역시","유성구","지방도",3,127.3202148,"4",0,NA
"10574","대전광역시","유성구","지방도",3,127.3396828,"99",0,NA
"10575","대전광역시","유성구","지방도",3,127.3355932,"4",0,NA
"10576","대전광역시","유성구","지방도",3,127.3331413,"3",0,NA
"10577","대전광역시","유성구","지방도",3,127.3374928,"4",0,NA
"10578","대전광역시","유성구","지방도",3,127.3366195,"99",0,NA
"10579","대전광역시","유성구","지방도",3,127.3347279,"4",0,NA
"10589","대전광역시","유성구","지방도",3,127.3390205,"99",0,NA
"10590","대전광역시","유성구","지방도",3,127.3404189,"99",0,NA
"10591","대전광역시","유성구","지방도",3,127.3442669,"3",0,NA
"10592","대전광역시","유성구","지방도",3,127.3369419,"4",0,NA
"10593","대전광역시","유성구","지방도",3,127.3894431,"4",0,NA
"10594","대전광역시","유성구","지방도",3,127.3871041,"99",0,NA
"10595","대전광역시","유성구","지방도",3,127.3475284,"4",0,NA
"10596","대전광역시","유성구","지방도",3,127.3499574,"3",0,NA
"10597","대전광역시","유성구","지방도",3,127.3527673,"4",0,NA
"10598","대전광역시","유성구","지방도",3,127.3486762,"3",0,NA
"10599","대전광역시","유성구","지방도",3,127.3185044,"99",0,NA
"10600","대전광역시","유성구","지방도",3,127.3184054,"99",0,NA
"10601","대전광역시","유성구","지방도",3,127.3528644,"4",0,NA
"10602","대전광역시","유성구","지방도",3,127.3516601,"99",0,NA
"10603","대전광역시","유성구","지방도",3,127.3795275,"4",0,NA
"10604","대전광역시","유성구","지방도",3,127.3195794,"4",0,NA
"10605","대전광역시","유성구","지방도",3,127.3486667,"4",0,NA
"15029","대전광역시","동구","특별시도",3,127.4609826,"4",0,NA
"15030","대전광역시","동구","특별시도",3,127.4328994,"4",0,NA
"15031","대전광역시","동구","특별시도",3,127.4248525,"4",0,NA
"15032","대전광역시","동구","구도",3,127.4311485,"4",0,NA
"15033","대전광역시","동구","구도",3,127.427223,"4",0,NA
"15034","대전광역시","동구","구도",3,127.4287441,"4",0,NA
"15035","대전광역시","동구","특별시도",3,127.440488,"4",0,NA
"15036","대전광역시","동구","특별시도",3,127.456359,"4",0,NA
"15037","대전광역시","동구","구도",3,127.4302646,"4",0,NA
"15038","대전광역시","동구","특별시도",3,127.456398,"4",0,NA
"15039","대전광역시","동구","특별시도",3,127.462138,"4",0,NA
"15062","대전광역시","동구","특별시도",3,127.4339166,"4",0,NA
"15063","대전광역시","동구","특별시도",3,127.4318499,"4",0,NA
"15064","대전광역시","동구","특별시도",3,127.4342824,"4",0,NA
"15065","대전광역시","동구","특별시도",3,127.4362951,"4",0,NA
"15066","대전광역시","동구","특별시도",3,127.4322646,"4",0,NA
"15067","대전광역시","동구","특별시도",3,127.4565284,"4",0,NA
"15068","대전광역시","동구","특별시도",3,127.4542712,"4",0,NA
"15069","대전광역시","동구","특별시도",3,127.4331501,"4",0,NA
"15070","대전광역시","동구","구도",3,127.4306595,"4",0,NA
"15071","대전광역시","동구","특별시도",3,127.4352898,"4",0,NA
"15072","대전광역시","동구","특별시도",3,127.4285915,"4",0,NA
"15073","대전광역시","동구","특별시도",3,127.4615372,"4",0,NA
"15074","대전광역시","동구","특별시도",3,127.4553625,"4",0,NA
"15075","대전광역시","동구","구도",3,127.4328493,"4",0,NA
"15076","대전광역시","동구","특별시도",3,127.4303741,"4",0,NA
"15077","대전광역시","동구","구도",3,127.4319341,"4",0,NA
"15078","대전광역시","동구","특별시도",3,127.4432179,"4",0,NA
"15079","대전광역시","동구","특별시도",3,127.451351,"4",0,NA
"15080","대전광역시","동구","특별시도",3,127.4371661,"4",0,NA
"15081","대전광역시","동구","특별시도",3,127.4386406,"4",0,NA
"15082","대전광역시","동구","특별시도",3,127.4387908,"4",0,NA
"15800","대전광역시","대덕구","기타",3,127.423917,"4",0,NA
"15801","대전광역시","대덕구","기타",3,127.406682,"4",0,NA
"15802","대전광역시","대덕구","기타",3,127.4454386,"4",0,NA
"15803","대전광역시","대덕구","기타",3,127.415763,"4",0,NA
"15804","대전광역시","대덕구","기타",3,127.415763,"4",0,NA
"15805","대전광역시","대덕구","기타",3,127.4260388,"4",0,NA
"15806","대전광역시","대덕구","기타",3,127.448981,"4",0,NA
"15807","대전광역시","대덕구","기타",3,127.422478,"4",0,NA
"15808","대전광역시","대덕구","기타",3,127.422475,"4",0,NA
"15809","대전광역시","대덕구","기타",3,127.435277,"4",0,NA
"15810","대전광역시","대덕구","기타",3,127.424511,"4",0,NA
"15811","대전광역시","대덕구","기타",3,127.437247,"4",0,NA
"15812","대전광역시","대덕구","기타",3,127.425041,"4",0,NA
"15813","대전광역시","대덕구","기타",3,127.438204,"4",0,NA
"15814","대전광역시","대덕구","기타",3,127.427419,"4",0,NA
"15815","대전광역시","대덕구","기타",3,127.429049,"4",0,NA
"15816","대전광역시","대덕구","기타",3,127.411546,"4",0,NA
"15817","대전광역시","대덕구","기타",3,127.420863,"4",0,NA
"15818","대전광역시","대덕구","기타",3,127.409469,"4",0,NA
"15819","대전광역시","대덕구","기타",3,127.409469,"4",0,NA
"15820","대전광역시","대덕구","일반국도",3,127.429242,"4",0,NA
"16047","대전광역시","대덕구","기타",3,127.424426,"4",0,NA
"16072","대전광역시","대덕구","기타",3,127.4250479,"4",0,NA
"16095","대전광역시","대덕구","기타",3,127.431137,"4",0,NA
"16096","대전광역시","대덕구","일반국도",3,127.429358,"4",0,NA
"16744","대전광역시","대덕구","기타",3,127.4292014,"4",0,NA
"16745","대전광역시","대덕구","기타",3,127.408717,"4",0,NA
"16746","대전광역시","대덕구","기타",3,127.406557,"4",0,NA
"16747","대전광역시","대덕구","기타",3,127.43965,"4",0,NA
"17275","대전광역시","중구","5",3,127.4096791,"4",30,NA
"17276","대전광역시","중구","5",3,127.4007351,"4",30,NA
"17277","대전광역시","중구","5",3,127.4103549,"4",30,NA
"17278","대전광역시","중구","5",3,127.4048625,"4",30,NA
"17279","대전광역시","중구","5",3,127.3949273,"4",30,NA
"17280","대전광역시","중구","5",3,127.4086161,"4",30,NA
"17281","대전광역시","중구","5",3,127.4077045,"4",30,NA
"17282","대전광역시","중구","5",3,127.4236836,"4",30,NA
"17283","대전광역시","중구","5",3,127.4047908,"4",30,NA
"17284","대전광역시","중구","5",3,127.449041,"4",30,NA
"17285","대전광역시","중구","5",3,127.4108579,"4",30,NA
"17286","대전광역시","중구","5",3,127.4076977,"4",60,NA
"17424","대전광역시","중구","5",3,127.4003363,"4",60,NA
"17425","대전광역시","중구","5",3,127.414482,"4",60,NA
"17426","대전광역시","중구","5",3,127.4153053,"4",60,NA
"17427","대전광역시","중구","5",3,127.3992416,"4",60,NA
"17428","대전광역시","중구","5",3,127.3885068,"4",60,NA
"17429","대전광역시","중구","5",3,127.4212943,"4",60,NA
"17430","대전광역시","중구","5",3,127.435277,"4",60,NA
"17431","대전광역시","중구","5",3,127.4271073,"4",60,NA
"17432","대전광역시","중구","5",3,127.4097378,"4",60,NA
"17433","대전광역시","중구","5",3,127.3864833,"4",60,NA
"17434","대전광역시","중구","5",3,127.4205837,"4",60,NA
"17435","대전광역시","중구","5",3,127.427313,"4",60,NA
"17436","대전광역시","중구","5",3,127.4321616,"4",30,NA
"18652","대전광역시","중구","5",3,127.4297749,"4",60,NA
"18653","대전광역시","중구","5",3,127.4329787,"4",30,NA
"18654","대전광역시","중구","5",3,127.4345885,"4",60,NA
"18655","대전광역시","중구","5",3,127.4363443,"4",60,NA
"18656","대전광역시","중구","5",3,127.4377951,"4",60,NA
"18657","대전광역시","중구","5",3,127.4166285,"4",60,NA
"18658","대전광역시","중구","5",3,127.3952739,"4",60,NA
"18659","대전광역시","중구","5",3,127.3989479,"4",30,NA
"18660","대전광역시","중구","5",3,127.3893067,"4",60,NA
"18661","대전광역시","중구","5",3,127.4183755,"4",60,NA
"18662","대전광역시","중구","5",3,127.4087431,"4",60,NA
"18663","대전광역시","중구","5",3,127.3920058,"4",30,NA
"18664","대전광역시","중구","5",3,127.3926687,"4",60,NA
"18665","대전광역시","중구","5",3,127.3987865,"4",60,NA
"19062","대전광역시","중구","5",3,127.4279304,"4",60,NA
"19063","대전광역시","중구","5",3,127.4292875,"4",60,NA
"19064","대전광역시","중구","5",3,127.4259176,"4",30,NA
"19065","대전광역시","중구","5",3,127.4275165,"4",60,NA
